{
  "project_info": {
    "project_number": "345520432021",
    "firebase_url": "https://opsc7312poe-37932.firebaseio.com",
    "project_id": "opsc7312poe-37932",
    "storage_bucket": "opsc7312poe-37932.appspot.com"
  },
  "client": [
    {
      "client_info": {
        "mobilesdk_app_id": "1:345520432021:android:f9a540677fa222f4750c9c",
        "android_client_info": {
          "package_name": "com.example.opsc7312poe_navigation_app"
        }
      },
      "oauth_client": [
        {
          "client_id": "345520432021-njvp81io97ru4lt951k31uo4drka9m1v.apps.googleusercontent.com",
          "client_type": 1,
          "android_info": {
            "package_name": "com.example.opsc7312poe_navigation_app",
            "certificate_hash": "c8de5081297886ec8b1d250cc930e315e971a0e4"
          }
        },
        {
          "client_id": "345520432021-pmqv124uogrv37sji4kv2o4ioq02o169.apps.googleusercontent.com",
          "client_type": 3
        }
      ],
      "api_key": [
        {
          "current_key": "AIzaSyDFLehHtmM49zV-gkUeiB7J5eSR0QzavKw"
        }
      ],
      "services": {
        "appinvite_service": {
          "other_platform_oauth_client": [
            {
              "client_id": "345520432021-pmqv124uogrv37sji4kv2o4ioq02o169.apps.googleusercontent.com",
              "client_type": 3
            }
          ]
        }
      }
    }
  ],
  "configuration_version": "1"
}